,municipio,Cod_mun,departamento,2010,2011,2012,2013,2014,2015,2016,2017,2018,2019,2020
1,Acatempa,2216,Jutiapa,19401.9506,6902.3082,13558.2713,13853.7018,14161.2874,14475.9013,14800.8976,15139.6501,15486.9947,15837.7539,16186.7049
2,Acatenango,411,Chimaltenango,21814.2935,22176.7382,22540.6225,22903.4127,23262.69,23616.1057,23964.8604,24310.0314,24649.3719,24980.7524,25302.1382
3,Agua Blanca,2204,Jutiapa,21990.1697,6889.0247,14531.4672,14611.2877,14697.4752,14784.3788,14875.2074,14972.9767,15072.2112,15167.7359,15254.6764
4,Aguacatán,1327,Huehuetenango,51686.7604,52710.4809,53739.8003,54758.6715,55751.4941,56703.0639,57623.54,58522.7404,59385.7764,60198.1063,60945.6933
5,Almolonga,913,Quetzaltenango,17186.231,17572.5375,17968.2696,18369.4763,18772.2504,19172.6305,19572.977,19975.6062,20376.5963,20772.0135,21157.9836
6,Alotenango,314,Sacatepéquez,25106.6472,26237.2288,27407.4386,28616.1805,29862.2232,31144.1232,32464.0104,33824.1346,35222.9678,36658.7787,38129.6398
7,Amatitlán,114,Guatemala,105738.237,108164.93,110556.365,112911.744,115230.339,117511.503,119753.168,121953.258,124111.265,126226.52,128298.545
8,Antigua Guatemala,301,Sacatepéquez,44786.1575,45098.0034,45393.3556,45668.8333,45921.3463,46148.0221,46351.478,46534.2218,46693.4491,46826.5898,46931.183
9,Asunción Mita,2205,Jutiapa,61372.4708,20167.8041,41028.5788,41253.3045,41496.0193,41740.7354,41996.5156,42271.8898,42551.393,42820.4085,43065.1896
10,Atescatempa,2207,Jutiapa,22565.0319,8082.7366,15481.1601,15606.4209,15739.0545,15873.0383,16011.8348,16158.7282,16307.8619,16453.6361,16590.7167
11,Ayutla,1217,San Marcos,35976.5048,36996.1522,38056.986,39145.8506,40249.3637,41353.9287,42468.4459,43601.9663,44740.7562,45870.9213,46978.3071
12,Barberena,602,Santa Rosa,44046.8413,44859.2812,45729.3899,46643.6861,47588.6937,48550.8796,49539.0154,50561.8634,51605.8995,52657.58,53703.373
13,Cabañas,1907,Zacapa,11117.2698,11168.612,11233.7001,11307.8619,11386.5968,11465.5681,11547.4463,11634.7942,11723.3737,11809.0907,11888.0265
14,Cabricán,906,Quetzaltenango,24474.3281,25085.3433,25712.6644,26350.7548,26994.0352,27636.8544,28282.596,28934.6182,29587.2545,30234.8048,30871.5147
15,Cahabon,1612,Alta Verapaz,56891.3525,58380.2274,59900.6489,61444.5619,63003.9791,64571.159,66150.2994,67745.4629,69348.911,70953.141,72550.7227
16,Cajolá,907,Quetzaltenango,10114.1403,10154.9426,10196.334,10235.9819,10271.7301,10301.5808,10326.9887,10349.3205,10366.6461,10377.1982,10379.356
17,Camotán,2005,Chiquimula,48439.6311,50037.3039,51714.2113,53461.5791,55270.1933,57130.3633,59050.1498,61037.8727,63083.642,65177.148,67307.626
18,Canillá,1418,Quiché,11824.1622,12132.8887,12447.9063,12767.7698,13091.0762,13416.4579,13744.4,14075.3728,14408.0307,14741.0684,15073.2109
19,Cantel,914,Quetzaltenango,40266.5445,41379.8453,42525.6815,43695.0927,44878.9575,46067.9663,47267.7385,48484.0268,49707.4117,50928.2668,52136.884
20,Casillas,604,Santa Rosa,23089.4454,23515.1841,23971.1437,24450.2689,24945.4788,25449.6921,25967.5054,26503.5093,27050.6036,27601.7024,28149.7114
21,Catarina,1216,San Marcos,32757.4572,33741.9361,34767.2225,35821.4838,36892.5898,37968.1203,39056.2763,40165.454,41283.0923,42396.3558,43492.1113
22,Chahal,1614,Alta Verapaz,24493.1503,25366.542,26267.8166,27193.9813,28141.9704,29108.6551,30096.2416,31106.9683,32137.6645,33185.113,34246.0418
23,Chajul,1405,Quiché,48863.6552,50972.9486,53165.6953,55438.2652,57786.9196,60207.6506,62704.5811,65281.9554,67935.6004,70661.2353,73454.4543
24,Champerico,1107,Retalhuleu,33390.5085,34377.7502,35399.6269,36449.117,37518.9928,38601.8703,39702.8316,40827.0577,41967.0745,43115.1311,44263.3701
25,Chiantla,1302,Huehuetenango,104849.549,90234.978,93092.022,95985.948,98889.007,101774.014,104657.025,107555.029,110440.016,113260.025,115979.017
26,Chicacao,1013,Suchitepéquez,49960.9914,50796.7618,51655.9747,52528.4953,53404.4396,54274.2377,55143.5269,56017.7937,56887.5787,57743.719,58577.346
27,Chicamán,1419,Quiché,34133.4619,35148.2183,36187.9819,37248.7833,38326.6822,39417.8298,40523.7554,41645.9503,42780.5605,43923.7865,45071.8835
28,Chiché,1402,Quiché,26135.3525,26856.9413,27594.5106,28344.9417,29105.1547,29872.1485,30647.0422,31430.8896,32220.7434,33013.6887,33806.8826
29,Chichicastenango,1406,Quiché,141112.925,144942.577,148854.94,152833.021,156860.097,160920.094,165018.814,169161.994,173333.577,177517.946,181699.781
30,Chimaltenango,401,Chimaltenango,114439.549,119397.688,124545.257,129874.747,135377.783,141045.527,146888.844,152919.418,159127.827,165504.248,172037.758
31,Chinique,1403,Quiché,10309.1368,10565.5637,10826.822,11091.6427,11358.8025,11627.0922,11896.9415,12168.7485,12441.3231,12713.5644,12984.3584
32,Chinuautla,106,Guatemala,121306.317,124063.924,126779.948,129453.527,132083.828,134670.02,137209.91,139701.043,142142.957,144534.873,146876.288
33,Chiquimula,2001,Chiquimula,91951.206,93596.519,95320.212,97101.488,98920.035,100755.653,102620.152,104525.034,106450.312,108376.386,110284.044
34,Chiquimulilla,608,Santa Rosa,46673.9063,47275.415,47929.4079,48620.9395,49335.3269,50058.1723,50798.3004,51564.251,52341.8038,53117.052,53876.384
35,Chisec,1613,Alta Verapaz,95278.559,65473.0121,67422.9818,69413.9884,71436.0229,73479.9828,75553.0164,77655.9994,79786.014,81928.996,84081.982
36,Chuarrancho,112,Guatemala,12462.0304,12711.8575,12956.0366,13194.524,13427.259,13654.2099,13875.1952,14090.0204,14298.6633,14501.0902,14697.3066
37,Ciudad Vieja,312,Sacatepéquez,34146.8845,35062.6311,35988.1224,36920.4271,37856.584,38793.568,39732.8786,40676.0356,41620.0071,42561.6582,43497.8224
38,Coatepeque,920,Quetzaltenango,124372.686,127973.409,131683.79,135476.458,139323.43,143195.892,147111.503,151088.215,155096.853,159107.637,163090.019
39,Cobán,1601,Alta Verapaz,215796.334,224104.256,232703.176,241568.675,250675.382,259997.314,269555.671,279372.234,289420.552,299673.123,310101.822
40,Colomba,917,Quetzaltenango,40253.5429,40467.3837,40684.0438,40894.2325,41089.2876,41261.1456,41415.5813,41557.9483,41680.4843,41776.0195,41837.9053
41,Colotenango,1319,Huehuetenango,25904.382,26303.1566,26700.7692,27089.2881,27461.1109,27808.9816,28138.142,28453.5968,28748.2762,29015.432,29248.6783
42,Comalapa,404,Chimaltenango,42225.5679,42933.3926,43644.1882,44353.0788,45055.3566,45746.5159,46428.8146,47104.3741,47768.8438,48418.0569,49048.0879
43,Comapa,2211,Jutiapa,38846.8544,14760.4161,27669.9529,28299.2902,28954.6324,29625.555,30318.9795,31041.8772,31783.7416,32533.9549,33281.8445
44,Comitancillo,1204,San Marcos,59358.828,60896.792,62494.7774,64130.8026,65782.6626,67428.0646,69081.5016,70757.5869,72433.8782,74087.919,75696.985
45,Concepción,708,Sololá,6244.11829,6458.93394,6677.64704,6899.55988,7123.9471,7350.0759,7578.26169,7808.80412,8040.95891,8273.9691,8507.0876
46,Concepción,1322,Huehuetenango,18708.2755,18862.6266,19013.0574,19154.002,19280.2951,14637.0014,15035.0024,15381.0021,15589.0015,15921,16241.0001
47,Concepción Chiquirichapa,911,Quetzaltenango,17774.243,17993.016,18215.2331,18436.7577,18653.6119,18861.9862,19064.3328,19263.0012,19454.2576,19634.5422,19800.4621
48,Concepción Las Minas,2008,Chiquimula,12853.1658,12991.9076,13138.8989,13291.0942,13445.5907,13599.5889,13754.6518,13912.2633,14069.7075,14224.3889,14373.8348
49,Concepción Tutuapa,1206,San Marcos,57059.7891,57960.3877,58894.1902,59839.4046,60774.8639,61680.1135,62568.8615,63454.3325,64316.4297,65135.7398,65893.5296
50,Conguaco,2213,Jutiapa,27473.6267,9908.7411,19327.3215,19788.8552,20269.5896,20762.2957,21271.8481,21803.2064,22349.0557,22901.9761,23454.4505
51,Cubulco,1504,Baja Verapaz,58247.5641,60168.858,62191.6907,64302.6155,66487.6877,68732.4766,71047.7408,73444.6574,75908.514,78424.009,80975.454
52,Cuilapa,601,Santa Rosa,38978.7444,40115.5872,41324.1537,42594.0735,43914.4762,45273.996,46681.7251,48147.1222,49658.5962,51203.96,52770.603
53,Cuilco,1304,Huehuetenango,57066.8424,58148.0299,59233.5256,60305.6345,61347.2296,62341.6818,63300.2367,64233.8082,65126.0791,65961.2356,66724.0617
54,Cunén,1410,Quiché,34389.4699,35394.6143,36423.9425,37473.4169,38539.0717,39616.9821,40708.684,41815.6539,42933.9942,44059.8775,45189.5455
55,Cuyotenango,1002,Suchitepéquez,50853.0108,52001.9175,53186.5157,54396.8157,55622.8982,26721.0021,27306.3585,27899.2186,28495.9997,29091.5798,29681.7665
56,Dolores,1708,Petén,47204.3535,48539.9184,49825.6203,51065.8633,52264.9071,40604.4246,41457.7475,42279.8353,43073.7671,43842.4851,44588.8321
57,El Adelanto,2209,Jutiapa,8107.38982,2873.52346,5543.83503,5586.69445,5632.16045,5678.07357,5725.6725,5776.13626,5827.3604,5877.3465,5924.1947
58,El Asintal,1109,Retalhuleu,37750.573,38971.7518,40238.6138,41543.5028,42878.4599,44235.219,45619.7767,47038.3029,48482.3815,49943.2824,51411.9084
59,El Chal,1714,Petén,0,0,0,0,0,12822.9978,13091.9142,13351.5281,13602.2366,13844.998,14080.6852
60,El Chol,1506,Baja Verapaz,9004.0892,9095.6328,9193.7445,9295.8243,9399.3877,9502.0884,9605.1989,9709.9175,9813.9753,9915.2244,10011.6605
61,El Estor,1803,Izabal,69150.323,72444.412,75884.598,79467.562,83189.109,87044.63,91043.234,95194.726,99494.076,103935.551,108512.835
62,El Jícaro,205,El Progreso,10813.2082,10882.3504,10960.3383,11043.9189,11129.9457,11215.3662,11302.1046,11391.9995,11482.0642,11569.447,11651.3888
63,El Palmar,919,Quetzaltenango,27756.3783,28318.9118,28894.0312,29475.3423,30056.4828,30631.1659,31203.1739,31776.1948,32343.9741,32900.3403,33439.2003
64,El Progreso,2202,Jutiapa,27471.5035,9509.2072,18625.675,18739.8537,18862.3441,18985.8894,19114.6389,19252.4715,19392.3448,19527.6148,19651.9983
65,El Quetzal,1220,San Marcos,22627.3176,23053.4394,23495.177,23943.9184,24391.2358,24828.8534,25262.2103,25696.6283,26123.9391,26536.1431,26925.4435
66,El Rodeo,1214,San Marcos,16454.2273,16726.5863,17008.9353,17295.0021,17578.6762,17854.0137,18124.9787,18395.4055,18659.4463,18911.4512,19145.9474
67,El Tejar,416,Chimaltenango,22068.2967,23100.3525,24175.7579,25293.4204,26452.1117,27650.4464,28890.9481,30176.2754,31504.9764,32875.4735,34285.9977
68,El Tumbador,1213,San Marcos,40516.5674,41104.9484,41715.3508,42332.2309,42940.6242,43526.1345,44098.4758,44667.0367,45217.6891,45736.8542,46211.5038
69,Escuintla,501,Escuintla,147617.347,150390.148,153131.184,155824.901,158455.983,161009.318,163494.803,165922.157,168276.616,170543.356,172708.169
70,Esquipulas,2007,Chiquimula,53200.6929,54693.7861,56257.67,57881.7036,59554.9649,61266.318,63023.6264,64834.9752,66689.049,68574.195,70478.616
71,Esquipulas Palo Gordo,1227,San Marcos,11143.157,11443.8858,11756.5321,12076.9781,12401.0839,12724.6242,13050.362,13381.0461,13712.4536,14040.3194,14360.3365
72,Estanzuela,1902,Zacapa,11140.2737,11296.4294,11468.5678,11652.2953,11843.2077,12036.9247,12236.3038,12444.2216,12656.2801,12868.0987,13075.3149
73,Flores,1701,Petén,53867.4142,56186.3004,58502.0792,60818.6207,63139.8571,65469.7171,67804.7645,70141.5243,72483.9769,74836.1719,77202.2339
74,Flores Costa Cuca,922,Quetzaltenango,26078.3523,26879.8194,27707.0616,28554.437,29416.1216,30286.1058,31168.1521,32066.1346,32973.9267,33885.2056,34793.4952
75,Fraijanes,113,Guatemala,42607.1077,43886.437,45167.028,46448.3898,47730.0944,49011.6984,50292.1454,51570.4118,52846.011,54118.477,55387.341
76,Fray Bartolomé de las Casas,1615,Alta Verapaz,60777.3821,62551.706,64369.9104,66223.5313,68104.3463,70004.0639,71927.3528,73878.8357,75850.363,77833.642,79820.618
77,Génova,921,Quetzaltenango,38866.5255,39848.1573,40856.2718,41882.0719,42916.6844,43951.1725,44990.8681,46041.1494,47093.0083,48137.3595,49165.0443
78,Granados,1505,Baja Verapaz,11253.1056,11290.8227,11335.6215,11384.1509,11433.3168,11480.2648,11526.5483,11573.6019,11618.7057,11659.3815,11693.3516
79,Gualán,1904,Zacapa,39963.9687,40190.3594,40466.6965,40776.3033,41103.0045,41431.2047,41770.5471,42130.3731,42495.3566,42850.6703,43182.0279
80,Guanagazapa,508,Escuintla,16591.147,16990.6195,17390.2026,17788.0647,18182.4101,18571.4029,18956.0788,19337.4848,19713.7926,20083.1582,20443.7689
81,Guastatoya,201,El Progreso,21724.4177,22175.7544,22653.8425,23152.7923,23666.5542,24188.9867,24724.3939,25277.1609,25841.074,26409.8072,26976.924
82,Guatemala,101,Guatemala,988149.69,990749.91,992540.56,993552.17,993814.93,994077.89,994340.66,994603.66,994866.77,995129.95,995392.95
83,Guazacapán,611,Santa Rosa,14774.2868,14947.0214,15135.904,15336.1584,15543.1146,15752.2365,15966.2584,16187.8665,16412.5748,16635.9984,16853.8953
84,Huehuetenango,1301,Huehuetenango,105848.611,108461.228,111108.052,113755.98,116372.345,118924.659,121433.06,123917.82,126346.549,128687.29,130908.483
85,Huitán,915,Quetzaltenango,13633.1817,14104.9367,14593.6131,15096.4049,15610.3613,16132.3751,16664.5455,17209.0299,17762.6585,18322.0949,18883.8497
86,Huité,1910,Zacapa,9582.2322,9710.9141,9853.1758,10005.2173,10163.2402,10323.486,10488.3958,10660.4228,10835.7968,11010.7548,11181.5739
87,Ipala,2011,Chiquimula,19851.2579,19924.8506,20008.9915,20098.8444,20189.9052,20277.9642,20365.375,20454.3149,20540.7539,20620.9616,20691.4981
88,Ixcán,1420,Quiché,91210.207,94812.499,98543.05,102393.578,106355.712,110420.936,114595.494,118885.706,123282.814,127777.669,132360.972
89,Ixchiguán,1223,San Marcos,27171.3818,27994.7274,28852.338,29734.4102,30630.895,31531.4856,32442.9973,33372.4095,34309.3003,35242.9955,36162.608
90,Iztapa,510,Escuintla,11695.1024,11749.6464,11797.9831,11839.1352,11872.1769,11896.2913,11912.5063,11921.8163,11923.4059,11916.545,11900.5474
91,Jacaltenango,1307,Huehuetenango,42852.6336,43720.2524,44593.2525,45458.3241,46302.5062,47113.1388,47898.5887,48667.0513,49406.056,50103.505,50747.6208
92,Jalapa,2101,Jalapa,138739.632,142912.159,147265.619,151776.052,156419.277,161170.717,166047.733,171067.535,176205.529,181436.772,186736.277
93,Jalpatagua,2212,Jutiapa,36519.6539,13029.2339,25392.1462,25845.276,26317.1024,26797.9152,27293.7663,27810.658,28338.8761,28868.8227,29390.9734
94,Jeréz,2208,Jutiapa,7708.39709,2685.78187,5230.87073,5260.08215,5291.59305,5323.36629,5356.55716,5392.25727,5428.4901,5463.3922,5495.2103
95,Jocotán,2004,Chiquimula,53959.7014,55664.4054,57452.4461,59313.7399,61237.7822,63213.5942,65249.8328,67355.4461,69519.253,71729.649,73974.589
96,Jocotenango,302,Sacatepéquez,20356.525,20510.8766,20657.9114,20796.064,20923.9179,21040.1372,21145.897,21242.324,21328.1274,21402.0957,21463.1024
97,Joyabaj,1412,Quiché,74150.0144,76697.2472,79320.6557,82012.4651,84764.6135,87569.255,90430.3704,93351.8549,96325.771,99343.908,102398.298
98,Jutiapa,2201,Jutiapa,192522.534,73973.728,139342.46,143748.923,148354.603,153109.955,158053.99,163227.323,168579.136,174056.263,179603.275
99,La Blanca,1230,San Marcos,0,0,0,0,0,30537.9997,31524.2173,32534.4407,33558.3075,34585.4643,35605.1514
100,La Democracia,503,Escuintla,24226.2227,24835.6595,25446.4819,26056.0717,26661.7519,27260.8284,27854.7887,28445.1547,29029.2268,29604.2866,30167.5813
101,La Democracia,1312,Huehuetenango,43184.6332,43862.7033,44539.2387,45201.0132,45835.3135,46430.0053,46993.7854,47535.0217,48041.8654,48503.0093,48907.7096
102,La Esperanza,923,Quetzaltenango,24512.3334,25850.9456,27263.7741,28748.4703,30302.0521,31920.9254,33611.5595,35380.9716,37225.3993,39140.3202,41120.4475
103,La Gomera,507,Escuintla,58272.523,59293.4189,60299.165,61283.7205,62241.1344,53581.9985,54572.9919,55592.9989,56599.0007,57588.998,58422.003
104,La Libertad,1311,Huehuetenango,36527.5358,37362.9761,38207.0798,39048.4736,39875.9522,40678.4524,41463.0404,42236.6406,42988.3087,43707.3164,44383.1102
105,La Libertad,1705,Petén,109907.865,114072.847,118187.698,87979.973,90936.0033,93826.013,96691.96,99530.095,102345.907,105145.155,107933.657
106,La Reforma,1221,San Marcos,15314.2129,15410.0975,15511.5809,15612.793,15708.2157,15792.7475,15870.122,15943.8411,16008.9679,16060.916,16095.4533
107,La Unión,1909,Zacapa,28650.6983,29346.7249,30095.8508,30887.8685,31712.0904,32557.414,33432.1042,34344.7244,35283.9639,36238.0456,37194.7314
108,Lanquín,1611,Alta Verapaz,23128.143,23860.1247,24612.2302,25381.3675,26164.4776,26958.464,27765.1983,28586.5296,29419.3683,30260.6141,31107.1503
109,Las Cruces,1713,Petén,0,0,0,34280.9952,35364.3063,36487.9981,37602.4282,38706.1459,39801.1895,40889.7916,41974.2043
110,Livingston,1802,Izabal,61580.285,63008.281,64460.2643,65928.548,67405.54,68883.6926,70366.759,71858.4663,73351.264,74837.628,76310.133
111,Los Amates,1805,Izabal,62307.282,62934.301,63558.5962,64172.3952,64768.3584,65339.5621,65890.0655,66423.6739,66933.743,67413.999,67858.583
112,Magdalena Milpas Altas,310,Sacatepéquez,10436.2734,10653.6244,10871.0304,11087.5822,11302.3843,11514.5505,11724.5394,11932.8242,12138.5069,12340.7141,12538.5665
113,Malacatán,1215,San Marcos,98320.388,101674.976,105177.96,108794.985,112490.329,116226.724,120029.589,123925.535,127876.595,131843.256,135784.651
114,Malacatancito,1303,Huehuetenango,20145.2985,20633.6026,21127.9621,21622.1093,22109.8197,22584.9406,23051.3226,23512.7924,23963.2441,24396.6188,24806.9556
115,Masagua,505,Escuintla,42745.3775,43839.3934,44936.7847,46032.9175,47123.0518,48202.454,49273.7269,50339.5192,51395.0765,52435.563,53456.088
116,Mataquescuintla,2107,Jalapa,41011.4945,42041.1614,43112.909,44219.0813,45352.0673,46504.3598,47680.5057,48885.0384,50110.456,51349.3258,52594.2904
117,Mazatenango,1001,Suchitepéquez,88332.738,91140.168,94054.099,97058.862,100138.41,103276.241,106483.989,109773.833,113128.903,116531.717,119964.338
118,Melchor,1711,Petén,21588.1621,21723.6676,21821.6339,21885.9606,21920.2562,21927.8234,21909.292,21865.3422,21798.9881,21712.9609,21609.7891
119,Mixco,108,Guatemala,474421.258,479237.599,483705.082,487829.885,491618.962,495079.19,498211.381,501017.212,503503.982,505678.82,507549.43
120,Momostenango,805,Totonicapán,120741.844,124682.196,128727.506,132853.805,137036.93,141252.599,145515.42,149840.234,154202.548,158577.73,162941.089
121,Monjas,2106,Jalapa,23961.2805,24343.3121,24740.7352,25148.6889,25562.4879,25977.6611,26396.5698,26821.4995,27248.0652,27672.1256,28089.6689
122,Morales,1804,Izabal,109847.473,112548.635,115299.833,118087.613,120898.382,123718.716,126555.41,129415.185,132284.507,135149.819,137997.635
123,Morazán,202,El Progreso,11751.2257,11901.906,12063.7662,12233.4042,12407.431,12582.5186,12760.8171,12944.4672,13130.1443,13314.5733,13494.5188
124,Moyuta,2214,Jutiapa,55659.5564,20507.7704,39024.9426,39715.7187,40435.0307,41167.9371,41923.7474,42711.6442,43516.7224,44324.2035,45119.5023
125,Nahualá,705,Sololá,64000.189,65180.7664,66348.4668,67495.8706,68615.941,69701.97,70757.2597,71785.1248,72779.0328,73732.896,74640.8559
126,Nebaj,1413,Quiché,79036.1,82100.5909,85271.8027,88542.3597,91904.7856,95351.5258,98887.7349,102518.7725,106236.856,110033.896,113901.742
127,Nentón,1305,Huehuetenango,41613.6121,43055.603,44535.3888,46040.3534,47557.4674,49073.3102,50595.8965,52133.4619,53672.3908,55198.5658,56697.5838
128,Nueva Concepción,513,Escuintla,62911.564,63159.1478,63372.9904,63547.9083,63679.0635,63762.1259,63802.7694,63806.327,63768.5714,63685.642,63554.057
129,Nueva Santa Rosa,614,Santa Rosa,31043.6024,31481.6996,31955.8049,32456.0668,32972.7649,33496.3388,34032.681,34587.6099,35151.6247,35715.4063,36269.7775
130,Nuevo Progreso,1212,San Marcos,34742.4846,35774.4959,36849.0543,37953.5833,39075.1939,40200.7136,41338.8555,42498.4566,43666.2079,44828.5309,45971.5809
131,Nuevo San Carlos,1108,Retalhuleu,31006.4706,31457.4696,31919.9305,32386.7354,32850.9793,33306,33756.1215,34205.5178,34647.6336,35076.1276,35484.8836
132,Ocós,1218,San Marcos,40444.5707,41807.7871,43230.9261,44699.7732,46199.5758,17178.0004,17732.3718,18300.6222,18876.5453,19454.3199,20027.8974
133,Olintepeque,903,Quetzaltenango,31591.4261,32697.6108,33843.9149,35023.8768,36230.6797,37457.1621,38708.195,39988.8566,41291.767,42609.2102,43933.1021
134,Olopa,2006,Chiquimula,22993.2987,23668.2408,24375.5204,25110.6209,25868.9122,26645.6245,27444.2632,28268.4319,29113.2567,29973.7518,30844.7886
135,Oratorio,606,Santa Rosa,23058.4402,23578.443,24132.6969,24714.4514,25316.832,25932.8525,26567.3453,27225.2336,27899.4396,28582.7912,29267.995
136,Pachalum,1421,Quiché,8307.1088,8441.3879,8576.60878,8711.71597,8845.73279,8977.71287,9108.00816,9236.92532,9363.57306,9487.1421,9606.8779
137,Pajapita,1222,San Marcos,22807.317,23561.7581,24349.012,25161.0355,25989.4825,26825.713,27675.5796,28545.1398,29425.6038,30307.854,31182.5028
138,Palencia,105,Guatemala,58046.147,59138.632,60202.148,61236.585,62241.819,63217.785,64163.697,65078.791,65963.046,66816.504,67639.182
139,Palestina de los Altos,924,Quetzaltenango,12721.1703,12846.2301,12973.0523,13098.6852,13220.313,13335.2794,13445.3474,13552.2031,13653.2592,13746.0591,13828.2912
140,Palín,511,Escuintla,56518.498,58697.5985,60927.3385,63202.313,65516.763,67864.472,70249.463,72676.018,75137.72,77627.693,80138.701
141,Panajachel,710,Sololá,16206.3053,16777.9481,17360.6911,17952.7098,18552.1633,19157.1676,19768.5211,20387.0493,21010.8109,21637.8635,22266.2297
142,Panzós,1607,Alta Verapaz,56999.3545,58262.7343,59546.7589,60843.1096,62143.7626,63440.9326,64738.7455,66041.079,67340.3064,68629.1571,69900.4715
143,Parramos,414,Chimaltenango,14572.1952,15186.8974,15824.3158,16483.396,17163.0242,17861.9956,18581.641,19323.3435,20085.8408,20867.8279,21667.8878
144,Pasaco,2215,Jutiapa,13297.9657,4832.2671,9289.1065,9453.4781,9624.652,9799.0518,9978.9074,10166.392,10357.9719,10550.125,10739.3678
145,Pastores,303,Sacatepéquez,14481.3702,14767.7294,15053.5465,15337.5743,15618.5883,15895.3665,16168.5559,16438.8087,16704.9184,16965.675,17219.8951
146,Patulul,1014,Suchitepéquez,39313.7728,40463.903,41655.3032,42880.7614,44132.9396,45404.3194,46699.8848,48024.7539,49371.2898,50731.745,52098.1884
147,Patzicía,409,Chimaltenango,32181.4333,33188.0364,34219.1705,35271.4615,36341.4795,37425.7767,38526.2639,39644.8807,40778.1246,41922.4295,43074.2529
148,Patzité,1407,Quiché,5753.07797,5867.57643,5983.50221,6100.12335,6216.75132,6332.72622,6448.26798,6563.6005,6678.07521,6791.09822,6902.10691
149,Patzún,407,Chimaltenango,51405.6899,52365.8443,53333.0848,54301.445,55265.1406,56218.6251,57164.5857,58105.595,59036.2419,59951.3065,60845.8129
150,Petapa,117,Guatemala,156790.422,162873.877,169054.348,175331.308,181704.172,188172.464,194733.379,201383.816,208122.947,214949.807,221863.431
151,Petatán,1333,Huehuetenango,0,0,0,0,0,10830.9988,11031.9996,11284.9997,11534.9945,11780.9994,12018.0004
152,Pochuta,408,Chimaltenango,11170.1475,11303.8399,11436.798,11567.7597,11695.5111,11818.9257,11938.645,12055.2414,12167.6495,12274.8647,12375.95
153,Poptún,1712,Petén,60142.4506,62573.4012,64988.2395,67391.3838,69787.1443,72179.9395,74565.9255,76941.3067,79310.5276,81677.912,84047.941
154,Pueblo Nuevo,1019,Suchitepéquez,10750.2119,10985.6856,11228.3668,11476.1423,11726.9071,11978.5642,12232.3674,12489.5576,12748.0363,13005.7574,13260.6775
155,Pueblo Nuevo Viñas,613,Santa Rosa,23537.4557,24043.5737,24583.5163,25150.3176,25736.9087,26336.1064,26952.802,27591.9041,28246.1897,28908.3561,29571.0028
156,Puerto Barrios,1801,Izabal,100370.439,102463.025,104584.363,106721.919,108863.167,110995.873,113126.238,115260.139,117385.388,119490.043,121562.378
157,Purulhá,1508,Baja Verapaz,47215.453,49058.7085,51005.1966,53045.5048,55169.4911,57366.3681,59646.317,62019.9493,64476.217,67003.262,69588.626
158,Quetzaltenango,901,Quetzaltenango,147968.002,150333.672,152743.441,155162.912,157558.524,159897.61,162200.383,164486.254,166723.125,168879.747,170925.861
159,Quezada,2217,Jutiapa,29627.0721,10379.4636,20612.9437,21056.6129,21518.5135,21990.8494,22478.7071,22987.1974,23508.4573,24034.6304,24557.7853
160,Quezaltepeque,2009,Chiquimula,26382.342,26651.1739,26936.5722,27232.2906,27532.3479,27831.0217,28131.5133,28436.8453,28741.4529,29040.0388,29327.5733
161,Rabinal,1503,Baja Verapaz,35124.3422,35679.9478,36266.6191,36874.4469,37493.866,38115.6067,38744.7895,39386.3305,40031.1324,40670.4229,41295.7352
162,Raxruhá,1617,Alta Verapaz,0,32657,33629.9993,34623.003,35630.9954,36651.0006,37685.0013,38734.9982,39795.9954,40866.0011,41938.0043
163,Retalhuleu,1101,Retalhuleu,83452.263,85003.028,86595.924,88211.938,89832.492,91439.147,93043.72,94657.609,96262.644,97840.96,99375.049
164,Río Blanco,1228,San Marcos,5468.07731,5538.84289,5612.33591,5686.45686,5759.19602,5828.62913,5896.07293,5962.78635,6026.89061,6086.59179,6140.17748
165,Rio Bravo,1020,Suchitepéquez,20073.3946,20403.3645,20742.5576,21086.8957,21432.4119,21775.2548,22117.7039,22461.9475,22804.1971,23140.7828,23468.1559
166,Rio Hondo,1903,Zacapa,17764.4359,17870.6392,17999.1454,18142.5134,18293.5892,18445.4135,18602.2947,18768.4062,18936.918,19101.2216,19254.9456
167,Sacapulas,1416,Quiché,45228.6125,46279.4499,47347.9455,48428.4678,49515.5773,50604.0357,51695.649,52792.1141,53888.3249,54979.3823,56060.5838
168,Salamá,1501,Baja Verapaz,54398.5264,55372.5232,56398.5724,57461.5904,58546.8273,59639.9234,60748.9322,61881.6561,63023.902,64161.885,65282.197
169,Salcajá,902,Quetzaltenango,17883.237,18237.9497,18600.4567,18966.629,19332.3814,19693.6793,20052.93,20412.5282,20768.4612,21116.7632,21453.5244
170,Samayac,1008,Suchitepéquez,20908.4152,21287.4012,21677.2194,22073.6593,NA,22869.9861,23268.2266,23669.6101,24070.1695,24465.9902,24853.3049
171,San Agustín Acasagustlán,203,El Progreso,38754.747,39418.2136,40123.8072,40860.6458,41617.7566,42384.1099,43167.0894,43974.118,44794.1262,45616.038,46428.6974
172,San Andrés,1704,Petén,38985.2906,40951.3805,42941.0756,44957.439,47003.6816,49083.1199,51193.5579,53332.7008,55503.9384,57710.7657,59956.8164
173,San Andrés Itzapa,413,Chimaltenango,30430.4093,31523.5882,32649.4032,33804.9887,34987.3979,36193.582,37425.6472,38685.77,39970.8158,41277.5495,42602.6722
174,San Andrés Sajcabajá,1414,Quiché,24449.3313,25051.8642,25665.5909,26287.4813,26914.6217,27544.1753,28177.1345,28814.419,29453.2831,30091.0344,30725.0903
175,San Andres Semetabaj,709,Sololá,12443.2343,12760.7403,13079.5137,13398.0709,13714.9592,14028.7465,14340.0153,14649.3172,14955.2457,15256.4308,15551.5135
176,San Andrés Villa Seca,1106,Retalhuleu,37465.5681,38025.9561,38600.6658,39181.0762,39758.8587,40325.94,40887.5363,41448.7012,42001.5065,42538.2208,43051.4142
177,San Andrés Xecul,804,Totonicapán,32663.218,33912.3477,35202.7969,36528.527,37883.3164,39260.778,40665.2786,42101.2869,43562.2884,45041.5832,46532.2691
178,San Antonio Aguas Calientes,315,Sacatepéquez,9965.2597,10091.394,10214.924,10335.0377,10450.948,10561.9307,10668.484,10771.116,10869.0954,10961.7276,11048.3488
179,San Antonio Huista,1324,Huehuetenango,17149.2515,17639.3826,18138.5606,18641.4698,19142.7445,19636.9835,20127.4406,20617.4053,21101.44,21574.1143,22029.954
180,San Antonio Ilotenango,1408,Quiché,20326.2683,20656.5108,20989.1244,21321.5124,21651.2706,21976.1177,22296.8796,22614.3159,22926.2628,23230.7246,23525.8214
181,San Antonio la Paz,208,El Progreso,17148.3297,17447.1419,17764.7679,18096.4299,18437.2649,18782.4047,19135.1124,19498.7017,19868.2664,20238.8873,20605.6291
182,San Antonio Palopó,712,Sololá,12830.2393,13053.6313,13273.9719,13489.8066,13699.7268,13902.4152,14098.5588,14288.8208,14471.9367,14646.7046,14811.9968
183,San Antonio Sacatepéquez,1203,San Marcos,19103.271,19632.8335,20183.5907,20748.5438,21320.566,21892.4378,22468.8809,23054.6639,23642.5233,24225.101,24794.949
184,San Antonio Suchitepéquez,1010,Suchitepéquez,47845.9508,49042.9081,50279.0212,51545.0803,52831.8448,54130.0205,55445.3484,56783.5452,58135.3157,59491.301,60842.129
185,San Bartolo,808,Totonicapán,16389.1129,17456.3563,18589.6993,19789.127,21054.3455,22384.7389,23785.7181,25263.1425,26816.4943,28444.895,30147.0178
186,San Bartolomé,307,Sacatepéquez,7996.2059,8316.9127,8646.921,8985.7358,9332.8191,9687.5921,10050.5752,10422.3165,10802.2015,11189.5673,11583.6893
187,San Bartolomé Jocotenango,1417,Quiché,13996.1873,14677.2941,15389.3504,16131.7386,16903.768,17704.6881,18536.1048,19399.6905,20294.6546,21220.1405,22175.1911
188,San Benito,1703,Petén,54431.4125,56952.6437,59485.9989,62035.4643,64605.1256,67199.1435,69814.142,72446.629,75100.8765,77781.1812,80492.0459
189,San Bernardino,1004,Suchitepéquez,17238.337,18104.8287,19018.3566,19977.5029,20980.5779,22025.6043,23116.5263,24257.6037,25446.8009,26681.7667,27959.7524
190,San Carlos Alzatate,2105,Jalapa,16798.2029,17385.6288,18000.3745,18639.8522,19301.3809,19982.2065,20684.7027,21411.2916,22159.1825,22925.499,23707.2398
191,San Carlos Sija,904,Quetzaltenango,34246.4593,34926.9313,35622.395,36324.9213,37026.7027,37719.981,38409.3938,39099.5326,39782.6811,40451.2584,41097.7953
192,San Cristobal Acasaguastlán,204,El Progreso,6807.1316,6912.9546,7025.8096,7143.7617,7264.8718,7387.2007,7512.0271,7640.6267,7771.0633,7901.4078,8029.7299
193,San Cristóbal Cucho,1225,San Marcos,16158.2283,16418.9492,16689.2643,16962.9928,17234.1541,17496.9185,17755.1838,18012.7029,18263.762,18502.8379,18724.5803
194,San Cristóbal Totonicapán,802,Totonicapán,36675.247,37350.9062,38032.0395,38710.9411,39380.2899,40033.0811,40673.6395,41306.0741,41923.589,42519.7394,43088.4094
195,San Cristóbal Verapaz,1603,Alta Verapaz,57657.3502,59192.0223,60760.0137,62353.1662,63963.4793,65583.0702,67216.161,68866.9505,70527.649,72190.554,73848.0911
196,San Diego,1908,Zacapa,5854.1426,5888.8406,5930.8775,5977.8134,6027.28008,6076.9902,6128.36276,6182.7677,6237.9568,6291.756,6342.0646
197,San Felipe,1105,Retalhuleu,23609.3581,24390.6264,25201.613,26037.5992,26893.6256,27764.5566,28654.1872,29566.4431,30496.0674,31437.5916,32385.3219
198,San Francisco,1706,Petén,15738.1085,16430.6864,17123.5924,17817.9914,18515.0121,19215.8353,19919.4593,20624.8475,21333.205,22045.717,22763.5962
199,San Francisco el Alto,803,Totonicapán,61656.4105,63579.7426,65551.033,67557.8983,69587.8608,71628.4997,73687.2961,75771.4911,77868.682,79966.327,82052.013
200,San Francisco la Unión,918,Quetzaltenango,7596.1006,7627.6789,7659.7039,7690.4272,7718.2267,7741.603,7761.64563,7779.37432,7793.34956,7802.2319,7804.8096
201,San Francisco Zapotitlán,1003,Suchitepéquez,18814.3716,19145.8466,19486.739,19833.2314,20181.6093,20528.2549,20875.304,21224.8309,21573.2481,21917.0864,22252.9504
202,San Gabriel,1012,Suchitepéquez,5539.10961,5734.3665,5937.59464,6147.87941,6364.26492,6585.74662,6813.12569,7047.22827,7287.02389,7531.4395,7779.3512
203,San Gaspar Ixchil,1329,Huehuetenango,6779.09798,6872.48172,6965.24617,7055.33105,7140.76904,7219.69547,7293.50159,7363.50982,7427.90591,7484.9812,7533.1179
204,San Idelfonso Ixtahuacán,1309,Huehuetenango,41232.6073,42412.1941,43613.6055,44824.0518,46030.6328,47220.3592,48401.0556,49580.6269,50746.0058,51884.1351,52981.8329
205,San Jacinto,2010,Chiquimula,12005.1565,12207.5302,12419.6908,12638.9132,12862.5105,13087.8657,13316.4886,13549.8653,13785.3963,14020.5413,14252.8254
206,San Jerónimo,1507,Baja Verapaz,21653.2062,22203.5215,22781.8059,23382.4528,23999.8333,24628.2892,25271.3376,25932.4696,26606.0153,27286.2559,27967.5228
207,San Jorge,1911,Zacapa,0,0,0,0,0,13316.4908,13590.7588,13876.5194,14168.9608,14463.2398,14754.4354
208,San José,509,Escuintla,50250.4508,51080.8985,51896.6453,52692.5381,53463.4925,54204.6062,54919.3908,55611.2604,56275.3895,56907.043,57501.685
209,San José,1702,Petén,5250.03853,5401.15368,5546.85861,5687.63907,5823.96295,5956.27928,6084.35234,6207.9608,6327.54736,6443.54258,6556.35774
210,San José Chacayá,702,Sololá,4172.07957,4388.93708,4614.6559,4849.02499,5091.79537,5342.68543,5602.14769,5870.65631,6147.90447,6433.54901,6727.20635
211,San José del Golfo,104,Guatemala,5721.0148,5781.2353,5836.6282,5889.2445,5937.186,5981.1865,6021.258,6057.4097,6089.7275,6118.2968,6143.2034
212,San José el Idolo,1005,Suchitepéquez,8966.1719,9123.3377,9284.9499,9449.2078,9614.3296,9778.6022,9943.0352,10108.6161,10273.6444,10436.4622,10595.4484
213,San José La Arada,2002,Chiquimula,8081.1042,8171.7349,8267.6148,8366.8624,8467.6287,8568.1684,8669.4692,8772.4508,8875.4147,8976.7098,9074.7911
214,San José la Máquina,1021,Suchitepéquez,0,0,0,0,0,30132.9091,30792.2773,31460.8197,32133.9984,32805.3973,33470.9249
215,San José Ojetenam,1224,San Marcos,19192.2689,19502.3255,19823.7915,20149.3306,20471.8222,20784.3638,21091.5683,21397.8925,21696.5605,21981.0012,22244.8719
216,San José Pinula,103,Guatemala,67730.172,69939.356,72161.235,74395.115,76640.322,78896.181,81161.046,83433.282,85712.106,87996.774,90286.521
217,San José Poaquil,402,Chimaltenango,23639.3171,24019.0945,24400.0073,24779.3224,25154.4099,25522.7735,25885.6761,26244.3104,26596.2693,26939.2498,27271.0798
218,San Juan Atitán,1316,Huehuetenango,15221.2232,15394.3571,15565.2054,15729.1736,15881.946,16019.4689,16144.9064,16261.2803,16364.6448,16451.3454,16517.9411
219,San Juan Bautista,1016,Suchitepéquez,9338.185,9752.3152,10186.6769,10640.1286,11111.4202,11599.1468,12105.0646,12631.0305,13175.5931,13737.1866,14314.0582
220,San Juan Chamelco,1610,Alta Verapaz,54423.3361,56140.514,57904.6956,59708.6626,61545.1333,63406.8216,65298.1488,67223.45,69175.478,71146.898,73130.3245
221,San Juan Cotzal,1411,Quiché,26469.3569,27195.4559,27937.4902,28692.2747,29456.6974,30227.714,31006.4638,31794.0092,32587.3459,33383.5202,34179.6824
222,San Juan Ermita,2003,Chiquimula,13108.1727,13283.2939,13467.6646,13658.2411,13852.0658,14046.2692,14242.4821,14442.2451,14642.7539,14841.2968,15035.2753
223,San Juan Ixcoy,1323,Huehuetenango,25847.3817,26550.17,27264.625,27982.6958,28696.3249,29397.4371,30090.9495,30781.7949,31461.8838,32123.1641,32757.5663
224,San Juan La Laguna,717,Sololá,10552.201,10799.3951,11046.6106,11292.5902,11536.1176,11776.0033,12012.7455,12246.8404,12477.1131,12702.4408,12921.7357
225,San Juan Ostuncalco,909,Quetzaltenango,50392.6861,51469.5357,52571.5514,53687.1503,54804.8038,55913.0183,57018.6636,58128.4848,59231.0548,60315.017,61369.111
226,San Juan Sacatepéquez,110,Guatemala,208034.509,213975.269,219904.699,225820.686,231720.93,237244.975,242394.01,247173.039,251595.978,255674.039,259419.953
227,San Juan Tecuaco,607,Santa Rosa,9354.1802,9569.3253,9798.5605,10039.169,10288.3708,10543.3305,10806.0256,11078.4722,11357.7947,11641.0852,11925.3815
228,San Lorenzo,1007,Suchitepéquez,11869.234,12106.1034,12349.9594,12598.4334,12849.19,13099.9153,13351.9935,13606.7432,13861.8843,14115.1795,14364.4171
229,San Lorenzo,1229,San Marcos,11539.1622,11752.2758,11973.1908,12197.5148,12420.9536,12639.295,12855.3077,13071.7046,13284.333,13489.1278,13682.1336
230,San Lucas Sacatepéquez,308,Sacatepéquez,23996.623,24595.1382,25198.2263,25803.7815,26409.7223,27013.9434,27617.4908,28221.4097,28823.5794,29421.8675,30014.0821
231,San Lucas Tolimán,713,Sololá,28661.54,29423.0292,30188.9803,30955.973,31720.6397,32479.6693,33234.3753,33986.0413,34731.3792,35467.1765,36190.2603
232,San Luis,1709,Petén,72791.5083,75005.2481,77150.5215,79233.7945,81261.2368,83238.9302,85163.3318,87030.9731,88847.865,90619.767,92352.26
233,San Luis Jilotepeque,2103,Jalapa,24373.2962,24845.1175,25335.6143,25839.9485,26353.412,26871.4511,27396.5589,27931.1644,28470.764,29011.0404,29547.7828
234,San Manuel Chaparrón,2104,Jalapa,8395.0994,8548.68201,8708.35317,8872.42987,9039.28758,9207.35507,9377.4884,9550.49295,9724.8359,9899.0358,10071.6577
235,San Marcos,1201,San Marcos,48918.6791,50436.9038,52019.0392,53647.5359,55304.3369,56970.8789,58659.5393,60382.9558,62122.3271,63858.382,65571.305
236,San Marcos La Laguna,716,Sololá,3891.07393,4100.88473,4319.75254,4547.52638,4784.02022,5029.01408,5282.98082,5546.41618,5819.07836,6100.69063,6390.93547
237,San Martín Jilotepeque,403,Chimaltenango,72981.991,74531.8979,76099.3256,77673.9952,79250.9952,80822.6702,82389.0947,83955.7808,85514.7264,87058.374,88579.304
238,San Martín Sacatepéquez,912,Quetzaltenango,25213.3407,25737.007,26272.628,26814.3942,27356.5393,27893.3338,28428.1983,28964.5133,29496.5799,30018.7456,30525.4291
239,San Martín Zapotitlán,1104,Retalhuleu,10839.1636,11173.6597,11520.2391,11876.6803,12240.6478,12609.7553,12985.6864,13370.1587,13760.7513,14154.9494,14550.1712
240,San Mateo,910,Quetzaltenango,9145.1209,9724.6823,10341.391,10995.165,11685.6546,12412.253,13178.2538,13987.2665,14838.7186,15731.693,16664.9141
241,San Mateo Ixtatán,1318,Huehuetenango,38048.5623,38887.7604,39734.6151,40577.2721,41404.1103,42203.7042,42983.4163,43750.474,44493.5899,45201.7087,45864.0278
242,San Miguel Acatán,1313,Huehuetenango,24939.3699,25233.2623,25523.6479,25802.982,26064.1631,26300.5095,26517.2078,26719.1575,26899.9148,27053.3839,27173.9072
243,San Miguel Chicaj,1502,Baja Verapaz,27122.2678,27650.7855,28206.9227,28783.2377,29372.4212,29967.3214,30572.0065,31190.4444,31815.5455,32440.355,33058.0821
244,San Miguel Dueñas,313,Sacatepéquez,10905.281,11100.099,11293.7582,11485.303,11673.8421,11858.4773,12039.7018,12218.031,12392.5615,12562.4479,12726.8233
245,San Miguel Ixtahuacán,1205,San Marcos,35276.4918,35932.5748,36612.6854,37303.393,37991.5554,38664.3023,39330.1034,39997.2589,40653.0245,41285.0025,41881.0564
246,San Miguel Panán,1011,Suchitepéquez,8244.1637,8373.3345,8506.0944,8640.7466,8775.6799,8909.3081,9042.5701,9176.3601,9309.1187,9439.3667,9565.6577
247,San Miguel Siguilá,908,Quetzaltenango,9143.1197,9466.0996,9800.8863,10145.6274,10498.3469,10856.9804,11222.9412,11597.7221,11979.1722,12365.074,12753.0745
248,San Pablo,1219,San Marcos,49693.6936,51286.5268,52947.5112,54658.9466,56402.5908,58159.5801,59942.5519,61764.5429,63606.4297,65448.467,67270.35
249,San Pablo Jocopilas,1009,Suchitepéquez,19275.3828,19647.8324,20031.1453,20421.4589,20814.9694,21207.9563,21602.6106,22001.094,22399.7025,22794.8229,23182.896
250,San Pablo La Laguna,715,Sololá,7165.1369,7315.03255,7464.16005,7611.68621,7756.79343,7898.70007,8037.76746,8174.33621,8307.64343,8436.9643,8561.6087
251,San Pedro Ayampuc,107,Guatemala,67728.167,70205.12,72712.814,75250.837,77818.742,80416.045,83041.332,85693.103,88370.753,91073.717,93801.376
252,San Pedro Carchá,1609,Alta Verapaz,207755.243,214372.086,221172.329,228128.359,235212.536,242397.354,249699.559,257135.868,264678.623,272299.983,279971.822
253,San Pedro Jocopilas,1409,Quiché,27711.3763,28367.3933,29034.8063,29710.1654,30390.134,31071.5161,31755.417,32442.8699,33130.7567,33816.0662,34495.8922
254,San Pedro La Laguna,718,Sololá,10984.2029,11172.3967,11357.885,11539.4059,11715.7699,11885.8486,12050.2495,12209.5383,12362.6248,12508.4928,12646.1993
255,San Pedro Necta,1306,Huehuetenango,32430.478,33087.903,33749.4471,34405.0181,35044.8125,35659.2323,36254.6405,36837.213,37397.5144,37926.3827,38414.9193
256,San Pedro Pinula,2102,Jalapa,56628.6903,58343.8609,60133.643,61988.2786,63897.9111,65852.603,67859.3725,69925.3548,72040.497,74194.673,76377.638
257,San Pedro Sacatepéquez,109,Guatemala,40059.1038,40966.6759,41860.3776,42739.9093,43605.0302,44455.4802,45290.4954,46109.3375,46911.7672,47697.584,48466.621
258,San Pedro Sacatepéquez,1202,San Marcos,67074.937,68136.0264,69236.2659,70349.9634,71452.3025,72519.1982,73566.7193,74610.5332,75626.9076,76593.049,77486.876
259,San Rafael la Independencia,1314,Huehuetenango,11824.1754,11910.0427,11993.2552,12070.3176,12137.9997,12193.3192,12238.8309,12276.9297,12304.7309,12319.6231,12319.1918
260,San Rafael Las Flores,605,Santa Rosa,12137.2356,12565.4418,13020.9064,13500.7918,14002.0137,14521.2583,15061.7405,15626.8459,16213.174,16817.0586,17434.5707
261,San Rafael Petzal,1328,Huehuetenango,8190.1209,8375.5051,8562.7414,8749.28,8932.62454,9110.2835,9283.85333,9454.87756,9620.92018,9779.57,9928.4828
262,San Rafael Pie de La Cuesta,1211,San Marcos,15207.2185,15456.9701,15715.9163,15978.2149,16238.24,16490.506,16738.6621,16986.2593,17227.899,17458.3736,17672.6164
263,San Raymundo,111,Guatemala,28756.0745,29407.4931,30048.9547,30680.2526,31301.1887,31911.5849,32510.923,33098.6272,33674.5472,34238.5421,34790.4882
264,San Sebastián,1102,Retalhuleu,27139.4142,27788.779,28458.0468,29141.2219,29832.2847,30525.18,31223.8034,31932.059,32643.8832,33353.2017,34053.8938
265,San Sebastián Coatán,1325,Huehuetenango,23462.3485,24041.1956,24627.5962,25214.2421,25793.8677,26359.2821,26914.9643,27465.3808,28003.3707,28521.8509,29013.8129
266,San Sebastián Huehuetenango,1320,Huehuetenango,27792.4065,28497.8728,29213.2549,29929.9062,30639.2044,31332.5713,32015.3153,32692.7231,33356.2599,33997.4401,34607.8794
267,San Vicente Pacaya,512,Escuintla,16314.1411,16687.3271,17059.711,17429.5131,17794.9772,18154.3357,18508.6036,18858.8262,19203.2298,19540.0575,19867.5583
268,Sanarate,207,El Progreso,37114.7187,37734.9841,38395.0554,39084.4964,39792.7483,40509.2677,41241.0735,41995.2652,42761.2466,43528.4168,44286.1453
269,Sansare,206,El Progreso,11482.2222,11619.1935,11766.8161,11921.7478,12080.6835,12240.3463,12402.8471,12570.2428,12739.3006,12906.8419,13069.7421
270,Santa Ana,1707,Petén,29264.2216,30831.0202,32424.6556,34047.6607,35702.6757,37392.477,39115.6428,40870.691,42660.4416,44487.8765,46356.0636
271,Santa Ana Huista,1331,Huehuetenango,8890.1299,9041.7816,9193.5161,9342.5795,9486.3415,9622.2608,9752.1175,9877.614,9996.2738,10105.7151,10203.6466
272,Santa Apolonia,405,Chimaltenango,15527.2046,15935.1002,16350.3771,16771.3046,17196.1504,17623.193,18053.2694,18487.1983,18923.2743,19359.7961,19795.0761
273,Santa Bárbara,1310,Huehuetenango,16980.2489,17128.5402,17273.4024,17409.7831,17532.9686,17638.5937,17730.2914,17811.4495,17877.8569,17925.6335,17951.1873
274,Santa Bárbara,1310,Suchitepéquez,22749.4485,23272.5101,23811.9596,24363.3385,24922.2,25484.1474,26051.8241,26627.9018,27207.9358,27787.5462,28362.3633
275,Santa Catalina Ixtahuacán,706,Sololá,48827.927,49538.9533,50234.0832,50907.9094,51555.3168,52171.5476,52759.4602,53321.7209,53853.8115,54351.5066,54810.9579
276,Santa Catarina Barahona,316,Sacatepéquez,3393.08723,3434.19413,3474.36953,3513.33828,3550.70851,3586.62207,3620.86498,3653.73794,3684.998,3714.41096,3741.75458
277,Santa Catarina la Tinta,1616,Alta Verapaz,36519.2273,37548.7156,38602.4537,39675.3491,40762.361,41858.5367,42966.6154,44089.331,45221.7226,46358.8956,47496.0169
278,Santa Catarina Mita,2203,Jutiapa,35103.2574,12784.3796,24129.4479,24284.3449,24450.1091,24617.3447,24791.4073,24977.3513,25166.058,25348.8936,25517.6884
279,Santa Catarina Palopó,711,Sololá,5091.09636,5376.71776,5675.39774,5987.01716,6311.40455,6648.34996,6998.54537,7362.73144,7740.67081,8132.0703,8536.5878
280,Santa Catarina Pinula,102,Guatemala,85290.213,87589.072,89875.953,92149.982,94410.321,96656.119,98885.417,101096.279,103287.871,105459.344,107609.97
281,Santa Clara La Laguna,707,Sololá,9342.181,9604.0566,9868.1208,10133.2663,10398.3783,10662.3794,10925.6864,11188.7254,11450.4084,11709.6573,11965.4252
282,Santa Cruz Balanyá,410,Chimaltenango,7740.1052,7868.90146,7998.21421,8127.14535,8254.83695,8380.45486,8504.42201,8627.12553,8747.76775,8865.5882,8979.8641
283,Santa Cruz Barillas,1326,Huehuetenango,127167.839,133606.075,140331.928,147314.162,154518.025,161905.037,169505.892,177353.92,185408.494,193624.87,201954.057
284,Santa Cruz del Quiché,1401,Quiché,94702.285,98666.289,102781.572,107040.58,111435.351,115957.842,120615.286,125415.406,130349.707,135409.419,140585.377
285,Santa Cruz La Laguna,714,Sololá,6713.13053,7016.4038,7329.55368,7652.00803,7983.1603,8322.35831,8670.0998,9026.9072,9392.0908,9764.9248,10144.6192
286,Santa Cruz Muluá,1103,Retalhuleu,12731.1945,12978.5373,13232.7148,13490.853,13750.0974,14007.6481,14265.2803,14524.7674,14783.3132,15038.1746,15286.634
287,Santa Cruz Naranjo,612,Santa Rosa,12930.2505,13189.5316,13466.5726,13757.5025,14058.3806,14365.2559,14680.762,15007.5277,15341.5913,15678.9424,16015.5687
288,Santa Cruz Verapaz,1602,Alta Verapaz,33138.2085,34950.5205,36857.3724,38858.0679,40951.6091,43136.6737,45419.758,47807.7424,50299.4016,52893.2007,55587.2268
289,Santa Eulalia,1317,Huehuetenango,43710.6441,45276.2577,46885.1532,48524.1452,50179.5986,51837.3639,53505.9323,55194.085,56887.3709,58570.9114,60229.3128
290,Santa Lucía Cotzumalguapa,502,Escuintla,121651.07,125471.428,129340.921,133246.558,137174.87,141111.997,145065.329,149042.771,153030.122,157012.757,160975.488
291,Santa Lucía la Reforma,807,Totonicapán,20519.1423,21391.2703,22296.3859,23231.0144,24191.49,25173.9925,26181.5676,27217.3537,28277.4266,29357.6544,30453.7412
292,Santa Lucia Milpas Altas,309,Sacatepéquez,14138.3608,14589.3101,15048.4432,15514.6162,15986.6643,16463.3502,16945.3551,17433.3666,17926.1451,18422.3635,18920.6622
293,Santa Lucia Utatlán,704,Sololá,23260.4382,23798.8373,24336.9859,24872.1224,25401.5587,25922.6793,26436.612,26944.4287,27443.5646,27931.5474,28405.9962
294,Santa María Chiquimula,806,Totonicapán,46003.3118,47251.8528,48525.3949,49814.4008,51109.5057,52401.479,53695.6706,54997.3694,56297.3762,57586.6628,58856.377
295,Santa María de Jesús,311,Sacatepéquez,16308.4221,16477.0816,16640.6498,16797.7529,16947.3841,17088.1906,17221.1205,17347.0439,17464.821,17573.3879,17671.7507
296,Santa María Ixhuatán,610,Santa Rosa,20547.3951,20783.5618,21042.0901,21316.3081,21599.7421,21886.0581,22179.0867,22482.5315,22790.1498,23095.8754,23393.8054
297,Santa María Visitación,703,Sololá,2476.04689,2533.30871,2590.54066,2647.45071,2703.75018,2759.16469,2813.8102,2867.80318,2920.86973,2972.74715,3023.18294
298,Santa Rosa de Lima,603,Santa Rosa,17260.3338,17627.3828,18019.0648,18430.2308,18855.7133,19290.2257,19737.3548,20200.6721,20674.9001,21154.6616,21634.5544
299,Santiago Atitlán,719,Sololá,43560.8176,44766.5273,45981.5869,47200.8035,48419.0611,49631.2837,50839.4486,52045.5291,53244.46,54431.2629,55601.0462
300,Santiago Chimaltenanango,1330,Huehuetenango,7011.1031,7130.69678,7250.34477,7367.89648,7481.26131,7588.44419,7690.83954,7789.80273,7883.37269,7969.6696,8046.8929
301,Santiago Sactepéquez,306,Sacatepéquez,28166.7225,28810.4135,29456.6964,30103.1107,30747.2134,31386.5616,32022.397,32655.9496,33284.7681,33906.4016,34518.3794
302,Santo Domingo Suchitepéquez,1006,Suchitepéquez,35302.6946,35686.691,36081.464,36479.7487,36874.6182,37259.5146,37638.4247,38015.0998,38383.1759,38736.6001,39069.6729
303,Santo Domingo Xenacoj,305,Sacatepéquez,9915.2563,10118.6536,10321.9773,10524.3596,10724.9625,10922.9382,11118.7309,11312.772,11504.2432,11692.2948,11876.1094
304,Santo Tomás la Unión,1017,Suchitepéquez,11668.2311,11935.3964,12210.917,12492.5048,12777.8772,13064.777,13354.5658,13648.5994,13944.6115,14240.3472,14533.5693
305,Sayaxché,1710,Petén,104521.775,109627.582,114780.751,119989.403,125261.725,130606.216,136016.61,141486.637,147024.874,152640.182,158341.903
306,Senahú,1608,Alta Verapaz,65123.3906,66157.9339,67200.567,68241.725,69272.3626,70283.9247,71281.1201,72268.3163,73237.412,74180.582,75090.591
307,Sibilia,905,Quetzaltenango,7986.1068,8017.8585,8050.0661,8080.8974,8108.6471,8131.735,8151.3178,8168.4632,8181.6575,8189.5108,8190.7338
308,Sibinal,1208,San Marcos,15706.2208,15990.8231,16285.8285,16585.277,16883.3044,17174.1972,17461.7459,17749.6015,18032.1432,18303.8636,18559.4053
309,Sipacapa,1226,San Marcos,17554.2512,17967.3545,18396.13,18833.9866,19274.3666,19710.7118,20147.2729,20588.2993,21027.2366,21457.5734,21872.8253
310,Sipacate,514,Escuintla,0,0,0,0,0,10101.0016,10287.9972,10480.0027,10669.9989,10855.9983,11038
311,Siquinalá,504,Escuintla,21567.1936,22300.8391,23046.8169,23802.8911,24566.7109,25335.8167,26111.5928,26895.4892,27684.9793,28477.4381,29270.1061
312,Sololá,701,Sololá,107646.011,113078.19,118722.467,124572.361,130620.781,136859.518,143299.196,149951.128,156806.503,163855.726,171088.072
313,Soloma,1308,Huehuetenango,47685.6991,48977.2536,50290.0436,51609.2395,52919.9714,54207.3415,55480.4513,56748.3667,57996.2134,59209.1225,60372.2617
314,Sumpango,304,Sacatepéquez,35937.9244,36774.7917,37615.66,38457.3993,39296.9046,40131.0217,40961.3608,41789.4648,42612.2063,43426.4267,44228.9538
315,Tacaná,1207,San Marcos,74241.05,75597.6797,77003.9339,78431.6263,79853.0347,81241.1088,82613.7395,83988.309,85338.0892,86637.065,87859.85
316,Tactic,1604,Alta Verapaz,33255.2016,34203.136,35173.7297,36162.3787,37164.5004,38175.5872,39198.1584,40234.6996,41280.7058,42331.7079,43383.301
317,Tajumulco,1209,San Marcos,53790.7562,55277.3425,56823.364,58409.0736,60014.4144,61619.0865,63236.3555,64879.6514,66528.5096,68162.223,69759.857
318,Tamahú,1605,Alta Verapaz,18650.1113,19337.3587,20047.4451,20778.1511,21527.2093,22292.2779,23075.1075,23877.4576,24696.9769,25531.2331,26377.7607
319,Taxisco,609,Santa Rosa,22948.4483,23038.9851,23151.4892,23278.188,23411.6802,23544.9917,23682.172,23827.0278,23972.8019,24113.0939,24241.8764
320,Tecpán Guatemala,406,Chimaltenango,81091.103,83502.3912,85967.936,88479.02,91026.759,93602.398,96210.549,98855.9,101529.51,104222.458,106925.72
321,Tectitán,1321,Huehuetenango,8019.1184,8093.99436,8167.33298,8236.74707,8299.99257,8354.99598,8403.45569,8446.9779,8483.54578,8511.3084,8528.5477
322,Teculután,1905,Zacapa,16673.4067,17002.8505,17359.6852,17737.6474,18130.3481,18531.2294,18944.8445,19375.834,19817.5872,20263.3435,20706.2166
323,Tejutla,1210,San Marcos,32123.4505,32644.0106,33183.7243,33730.3111,34271.8453,34796.7783,35312.8158,35827.4491,36329.2915,36807.3733,37251.0372
324,Tiquizate,506,Escuintla,55469.498,56519.6315,57558.1342,58579.1387,59576.8941,60545.7052,61489.2739,62411.2553,63306.0528,64168.13,64992.095
325,Todos Santos Cuchumatán,1315,Huehuetenango,33619.4979,34410.552,35210.5839,36009.1521,36795.8729,37560.5497,38309.6165,39049.4938,39770.0178,40461.2138,41113.2422
326,Totonicapán,801,Totonicapán,127189.878,130744.27,134373.367,138050.999,141751.197,145448.398,149157.524,152893.222,156629.953,160342.603,164006.472
327,Tucurú,1606,Alta Verapaz,39055.2471,40223.2337,41421.0284,42643.2949,43884.7369,45140.0712,46412.345,47704.5732,49011.4606,50327.7745,51648.2867
328,Unión Cantinil,1332,Huehuetenango,0,17964.0013,18532.9974,19108.9988,19687.0032,20262.0019,20835.9993,21413.9995,21988.0062,22577.0001,23182.0016
329,Uspantán,1415,Quiché,61945.8367,64367.9263,66875.2169,69462.0098,72122.5396,74850.8521,77651.2264,80527.793,83474.532,86485.178,89553.431
330,Usumatlán,1906,Zacapa,10636.2609,10832.2806,11045.2023,11270.9777,11505.4876,11744.5614,11991.0513,12247.8585,12510.7755,12775.5088,13037.7161
331,Villa Canales,116,Guatemala,139449.357,143258.119,147049.911,150823.354,154577.032,158309.446,162017.459,165697.778,169349.092,172969.976,176559.135
332,Villa Nueva,115,Guatemala,501395.25,514334.522,527174.222,539908.98,552534.57,564685.98,576363.04,587563.13,598294.94,608570.01,618396.97
333,Yepocapa,412,Chimaltenango,30521.4116,31296.8407,32085.4414,32883.7764,33688.4102,34495.9702,35308.0869,36126.3475,36947.3876,37767.8854,38584.5705
334,Yupiltepeque,2206,Jutiapa,21832.8486,8382.6016,15659.385,16059.0591,16475.5889,16903.1499,17345.7871,17807.6026,18282.7173,18765.1039,19248.6239
335,Zacapa,1901,Zacapa,67127.636,68338.58,69655.159,71051.741,72502.33,60663.9925,61913.4677,63215.236,64547.485,65888.096,67214.633
336,Zacualpa,1404,Quiché,41336.5616,43832.1929,46471.8706,49257.6624,52191.398,55274.6812,58516.6187,61926.701,65506.9947,69259.1122,73184.4343
337,Zapotitlán,2210,Jutiapa,14115.7305,5252.7915,9986.1433,10205.6701,10434.2395,10668.0695,10909.6473,11161.4543,11419.6905,11680.5375,11940.1608
338,Zaragoza,415,Chimaltenango,23960.3223,24642.5205,25338.9906,26047.1117,26764.2531,27487.776,28219.0198,28959.3234,29706.0383,30456.5206,31208.1427
339,Zuníl,916,Quetzaltenango,12499.1729,12643.9263,12790.8959,12937.1514,13079.9177,13216.533,13348.7251,13478.1439,13602.1889,13718.3802,13824.3733
340,Zunilito,1018,Suchitepéquez,7223.1423,7462.5809,7711.3682,7968.2617,8231.9748,8501.1572,8776.8105,9059.9557,9349.2161,9643.1827,9940.3841
